{
  "id": 12493,
  "date": "2022-10-04T16:55:20",
  "date_gmt": "2022-10-04T11:25:20",
  "guid": {
    "rendered": "https://toonhub4u.com/?p=12493"
  },
  "modified": "2022-12-13T21:05:37",
  "modified_gmt": "2022-12-13T15:35:37",
  "slug": "my-dress-up-darling-season-1-hindi-eng-jap",
  "status": "publish",
  "type": "post",
  "link": "https://toonhub4u.net/my-dress-up-darling-season-1-hindi-eng-jap/",
  "title": {
    "rendered": "My Dress-Up Darling (Season 1)  (Hindi – Eng – Jap) Episodes 480p, 720p &#038; 1080p FHD [Officially Dubbed By Crunchyroll]"
  },
  "content": {
    "rendered": "<h2 style=\"text-align: center;\"><strong><span style=\"color: #ff0000;\">||My Dress-Up Darling||</span></strong></h2>\n<p style=\"text-align: center;\"><strong>[1080p | 720p |&nbsp; 480p | Hindi – Eng – Jap | Officially Dubbed]</strong></p>\n<p><img decoding=\"async\" src=\"https://i.imgur.com/bTauOoB.jpg\"></p>\n<p><strong><span style=\"color: #ff0000;\">Name:</span> My Dress-Up Darling Season 1</strong><br />\n<strong><span style=\"color: #ff0000;\">Rating:</span> 8.3/10</strong><br />\n<strong><span style=\"color: #ff0000;\">Gener:</span> Romantic | comedy | Slice of life | <a class=\"ipc-metadata-list-item__list-content-item ipc-metadata-list-item__list-content-item--link\" href=\"https://www.imdb.com/search/title/?genres=Romance&amp;explore=title_type,genres&amp;ref_=tt_ov_inf\" rel=\"noopener\" target=\"_blank\">Romance</a></strong><br />\n<strong><span style=\"color: #ff0000;\">Release Date:</span> January 9, 2022&nbsp;</strong><br />\n<strong><span style=\"color: #ff0000;\">Running</span>&nbsp;<span style=\"color: #ff0000;\">Time:</span> 23 min per Epi</strong><br />\n<strong><span style=\"color: #ff0000;\">Language:</span> Hindi – English – Japanese&nbsp;</strong><br />\n<strong><span style=\"color: #ff0000;\">Subtitle:</span>&nbsp;English</strong><br />\n<strong><span style=\"color: #ff0000;\">Dubbed By:</span>&nbsp;<a href=\"https://toonhub4u.com/\" target=\"_blank\" rel=\"noopener\">Crunchyroll</a>&nbsp;[Offical&nbsp;<a href=\"https://toonhub4u.com/\" target=\"_blank\" rel=\"noopener\">Dubbed</a>]</strong><br />\n<strong><span style=\"color: #ff0000;\">Quality:</span>&nbsp;1080p | 720p | 480p</strong></p>\n<p><strong><span style=\"color: #ff0000;\">Synopsis:</span> High <a href=\"https://toonhub4u.com/\" target=\"_blank\" rel=\"noopener\">schooler</a> Wakana Gojou cares about one thing: <a href=\"https://toonhub4u.com/\" target=\"_blank\" rel=\"noopener\">making</a> Hina dolls. With nobody to share his obsession, he <a href=\"https://toonhub4u.com/\" target=\"_blank\" rel=\"noopener\">has</a> trouble finding friends or even holding conversation. But <a href=\"https://toonhub4u.com/\" target=\"_blank\" rel=\"noopener\">after</a> the school&#8217;s most popular girl, Marin <a href=\"https://toonhub4u.com/\" target=\"_blank\" rel=\"noopener\">Kitagawa</a>, reveals a secret of her own, he discovers a new purpose for <a href=\"https://toonhub4u.com/\" target=\"_blank\" rel=\"noopener\">his</a> sewing skills. Together, they&#8217;ll make her cosplay dreams come <a href=\"https://toonhub4u.com/\" target=\"_blank\" rel=\"noopener\">true</a>.</strong></p>\n<p><img decoding=\"async\" class=\"aligncenter\" src=\"https://i.imgur.com/WXY3QDA.jpg?1\"></p>\n<h4 style=\"text-align: center;\"><strong>||Single Episodes Watch/Download Links||</strong></h4>\n<p style=\"text-align: left;\"><strong><span style=\"color: #ff0000;\">Note:</span> <span style=\"color: #008000;\">Mega and WatchSB is Triple Audio [Hindi – Eng &#8211; Jap]&nbsp; Or Others Are Single Audio [Hindi Only]</span></strong></p>\n<hr>\n<p><strong>Episode 1 – <b>Someone Who Lives in the Exact Opposite World as Me</b></strong></p>\n<p><strong><a href=\"https://dood.pm/d/ipbstpx2kdyfx6g5uyscyca8dlf3iaks\" target=\"_blank\" rel=\"noopener\">DoodStream</a>&nbsp;| <a href=\"https://sbchill.com/cbbzwevbvnno.html\" target=\"_blank\" rel=\"noopener\">WatchSB</a>&nbsp;|&nbsp;<a href=\"https://vanfem.com/f/l3853tn8w02z484\" target=\"_blank\" rel=\"noopener\">Fembed</a> | <a href=\"https://new.gdtot.cfd/file/160026337\" target=\"_blank\" rel=\"noopener\">GDrive</a> |&nbsp;<a href=\"https://mega.nz/file/d6xAlIyI#cPGHWtjQG8RUpMGVGtzjosQGe6BLCKWMJocmeDVw6q8\" target=\"_blank\" rel=\"noopener\">MergaFHD</a>&nbsp;|&nbsp;<a href=\"https://mega.nz/file/4jwmwLhD#ikrXI2wOXmbx7AEB9Z-6ISUVYLzFk7t2AMw1LB8tAFA\" target=\"_blank\" rel=\"noopener\">MegaHD</a>&nbsp;|&nbsp;<a href=\"https://www.links.toonhub4u.com/my-dress-up-darling-s01e01/\" target=\"_blank\" rel=\"noopener\">Mirror</a></strong></p>\n<hr>\n<p><strong>Episode 2 &#8211; Wanna Hurry Up, and Do It&nbsp;</strong></p>\n<p><strong><a href=\"https://dood.pm/d/5g8pe5do5ikfzxnm39jxgsole2u5isc3\" target=\"_blank\" rel=\"noopener\">DoodStream</a>&nbsp;| <a href=\"https://sbchill.com/af4v7sj3s70e.html\" target=\"_blank\" rel=\"noopener\">WatchSB</a>&nbsp;|&nbsp;<a href=\"https://vanfem.com/f/d1z01hxzklw2g-w\" target=\"_blank\" rel=\"noopener\">Fembed</a> | <a href=\"https://filemoon.sx/d/weib6r7xk3fo/_Toonhub4u__My_Dress-Up_Darling_Season_1_Epiisode_2__40_Hindi___Eng___Jap_41__Episodes_720p_HD__Officially_Dub_.mp4\" target=\"_blank\" rel=\"noopener\">Filemoon</a> |&nbsp;<a href=\"https://new6.gdtot.cfd//file/202791653\" target=\"_blank\" rel=\"noopener\">GDriveFHD</a>&nbsp;|&nbsp;<a href=\"https://new6.gdtot.cfd//file/147206311\" target=\"_blank\" rel=\"noopener\">GDriveHD</a>&nbsp;|&nbsp;<a href=\"https://kmhd.link/archives/74661\" target=\"_blank\" rel=\"noopener\">Mirror</a></strong></p>\n<hr>\n<p><strong>Episode 03 – Then Why Don’t We&nbsp;</strong></p>\n<p><strong><a href=\"https://dood.pm/d/mdvcn5ry8ookr3y6u93zqya2spf06zaz\" target=\"_blank\" rel=\"noopener\">DoodStream</a>&nbsp;| <a href=\"https://sbchill.com/owuvnqnxvdvp.html\" target=\"_blank\" rel=\"noopener\">WatchSB</a>&nbsp;|&nbsp;<a href=\"https://vanfem.com/f/x3pl3t57gxn2n71\" target=\"_blank\" rel=\"noopener\">Fembed</a> | <a href=\"https://filemoon.sx/d/arwg626dmydf/_Toonhub4u__My_Dress-Up_Darling_Season_1_Epiisode_3__Hindi___Eng___Jap__Episodes_720p_HD__Officially_Dub_.mp4\" target=\"_blank\" rel=\"noopener\">Filemoon</a> | <a href=\"https://new6.gdtot.cfd//file/183542254\" target=\"_blank\" rel=\"noopener\">GDriveFHD</a>&nbsp;|&nbsp;<a href=\"https://new6.gdtot.cfd//file/137015985\" target=\"_blank\" rel=\"noopener\">GDriveHD</a></strong></p>\n<hr>\n<p><strong>Episode 04 – Are These Your Girlfriend’s</strong></p>\n<p><strong><a href=\"https://dood.wf/d/93yznwbfjbwk15taurtf37amn6qet5a0\" target=\"_blank\" rel=\"noopener\">DoodStream</a>&nbsp;| <a href=\"https://sbchill.com/4al8f1kbzmmp.html\" target=\"_blank\" rel=\"noopener\">WatchSB</a>&nbsp;|&nbsp;<a href=\"https://vanfem.com/f/6qzpqa02j45xmwd\" target=\"_blank\" rel=\"noopener\">Fembed</a> | <a href=\"https://filemoon.sx/d/5kce6rb4oacp/_Toonhub4u__My_Dress-Up_Darling_Season_1_Epiisode_4__Hindi___Eng___Jap__Episodes_720p_HD__Officially_Dub_.mp4\" target=\"_blank\" rel=\"noopener\">Filemoon</a> | <a href=\"https://new6.gdtot.cfd//file/163174284\" target=\"_blank\" rel=\"noopener\">GDriveFHD</a>&nbsp;|&nbsp;<a href=\"https://new6.gdtot.cfd//file/125494658\" target=\"_blank\" rel=\"noopener\">GDriveHD</a>&nbsp;</strong></p>\n<hr>\n<p><strong>Episode 05 – It’s Probably Because This Is the Best Boob Bag Here</strong></p>\n<p><strong><a href=\"https://dood.wf/d/ymqa5nq9z8a6vvb0sv2yinatuuda8v2k\" target=\"_blank\" rel=\"noopener\">DoodStream</a>&nbsp;| <a href=\"https://sbchill.com/2m4m3yyhskui.html\" target=\"_blank\" rel=\"noopener\">WatchSB</a>&nbsp;|&nbsp;<a href=\"https://vanfem.com/f/8yq4yt8d-588njm\" target=\"_blank\" rel=\"noopener\">Fembed</a> | <a href=\"https://filemoon.sx/d/fh119o6yuxmb/_Toonhub4u__My_Dress-Up_Darling_Season_1_Epiisode_5__Hindi___Eng___Jap__Episodes_720p_HD__Officially_Dub_.mp4\" target=\"_blank\" rel=\"noopener\">Filemoon</a> | <a href=\"https://new6.gdtot.cfd//file/237597808\" target=\"_blank\" rel=\"noopener\">GDriveFHD</a>&nbsp;|&nbsp;<a href=\"https://new6.gdtot.cfd//file/152093748\" target=\"_blank\" rel=\"noopener\">GDriveHD</a>&nbsp;</strong></p>\n<hr>\n<p><strong>Episode 06 – For Real</strong></p>\n<p><strong><a href=\"https://dood.wf/d/xjscs3zfdhfaerw97mh3dlhbwc7xhijq\" target=\"_blank\" rel=\"noopener\">DoodStream</a>&nbsp;|&nbsp;<a href=\"https://sbchill.com/bis2dpeg50fp.html\" target=\"_blank\" rel=\"noopener\">WatchSB</a>&nbsp;|&nbsp;<a href=\"https://sbchill.com/4aq1evxlfduw.html\" target=\"_blank\" rel=\"noopener\">Fembed</a>&nbsp;|&nbsp;<a href=\"https://filemoon.sx/d/kh8pm0dn0l3t/_Toonhub4u__My_Dress-Up_Darling_Season_1_Epiisode_6__40_Hindi___Eng___Jap_41__Episodes_720p_HD__Officially_Dub_.mp4\" target=\"_blank\" rel=\"noopener\">Filemoon</a>&nbsp;|&nbsp;<a href=\"https://new6.gdtot.cfd//file/223142362\" target=\"_blank\" rel=\"noopener\">GDriveFHD</a>&nbsp;|&nbsp;<a href=\"https://new6.gdtot.cfd//file/171232185\" target=\"_blank\" rel=\"noopener\">GDriveHD</a>&nbsp;</strong></p>\n<hr>\n<p><strong>Episode 7 &#8211; A Home Date With the Guy I Wuv Is the Best</strong></p>\n<p><strong><a href=\"https://dood.wf/d/7ziij11tp0d49po8yihyv97dgyzz8zr1\" target=\"_blank\" rel=\"noopener\">DoodStream</a>&nbsp;|&nbsp;<a href=\"https://sbchill.com/usfl2ctkvu6y.html\" target=\"_blank\" rel=\"noopener\">WatchSB</a>&nbsp;|&nbsp;<a href=\"https://vanfem.com/f/8yq4yt8dz5jjrjw\" target=\"_blank\" rel=\"noopener\">Fembed</a>&nbsp;|&nbsp;<a href=\"https://filemoon.sx/d/ze7a6a4ufdk2/_Toonhub4u__My_Dress-Up_Darling_Season_1_Epiisode_7__40_Hindi___Eng___Jap_41__Episodes_720p_HD__Officially_Dub_.mp4\" target=\"_blank\" rel=\"noopener\">Filemoon</a>&nbsp;|&nbsp;<a href=\"https://new6.gdtot.cfd//file/194281474\" target=\"_blank\" rel=\"noopener\">GDriveFHD</a>&nbsp;|&nbsp;<a href=\"https://new6.gdtot.cfd//file/149718968\" target=\"_blank\" rel=\"noopener\">GDriveHD</a>&nbsp;</strong></p>\n<hr>\n<p><strong>Episode 08 – Backlighting Is the Best&nbsp;</strong></p>\n<p><strong><a href=\"https://dood.wf/d/n0pnrre8rhb46j60d6v8qi9p33ar9bhu\" target=\"_blank\" rel=\"noopener\">DoodStream</a>&nbsp;|&nbsp;<a href=\"https://sbchill.com/1obp0f7q23sc.html\" target=\"_blank\" rel=\"noopener\">WatchSB</a>&nbsp;|&nbsp;<a href=\"https://vanfem.com/f/d1z01hx2jx7qyj2\" target=\"_blank\" rel=\"noopener\">Fembed</a>&nbsp;|&nbsp;<a href=\"https://filemoon.sx/d/8rv8olebr0dl/_Toonhub4u__My_Dress-Up_Darling_Season_1_Episode_8__Hindi___Eng___Jap__1080p_FHD__Officially_Dub_.mp4\" target=\"_blank\" rel=\"noopener\">Filemoon</a>&nbsp;|&nbsp;<a href=\"https://new.gdtot.cfd/file/232601761\" target=\"_blank\" rel=\"noopener\">GDriveFHD</a>&nbsp;|&nbsp;<a href=\"https://new.gdtot.cfd/file/174438569\" target=\"_blank\" rel=\"noopener\">GDriveHD</a>&nbsp;</strong></p>\n<hr>\n<p><strong>Episode 09 – A Lot Happened After I Saw That Photo&nbsp;</strong></p>\n<p><strong><a href=\"https://dood.wf/d/vz5fg3ersl8y5k9s9gis2773vz6lu2ki\" target=\"_blank\" rel=\"noopener\">DoodStream</a>&nbsp;|&nbsp;<a href=\"https://sbchill.com/vmojlg6tnbow.html\" target=\"_blank\" rel=\"noopener\">WatchSB</a>&nbsp;|&nbsp;<a href=\"https://vanfem.com/f/2dr7dh24rkqqpk4\" target=\"_blank\" rel=\"noopener\">Fembed</a>&nbsp;|&nbsp;<a href=\"https://filemoon.sx/d/56xpxaxt8g76/_Toonhub4u__My_Dress-Up_Darling_Season_1_Episode_9__40_Hindi___Eng___Jap_41__1080p_FHD__Officially_Dub_.mp4\" target=\"_blank\" rel=\"noopener\">Filemoon</a>&nbsp;|&nbsp;<a href=\"https://new.gdtot.cfd/file/196059117\" target=\"_blank\" rel=\"noopener\">GDriveFHD</a>&nbsp;|&nbsp;<a href=\"https://new.gdtot.cfd/file/142671414\" target=\"_blank\" rel=\"noopener\">GDriveHD</a>&nbsp;</strong></p>\n<hr>\n<p><strong>Episode 10 – We’ve All Got Struggles</strong></p>\n<p><strong><a href=\"https://dood.wf/d/9ifv9yj2n9fglv6330xw171zj6uzmtpb\" target=\"_blank\" rel=\"noopener\">DoodStream</a>&nbsp;|&nbsp;<a href=\"https://sbchill.com/6hnwynp33da5.html\" target=\"_blank\" rel=\"noopener\">WatchSB</a>&nbsp;|&nbsp;<a href=\"https://vanfem.com/f/rq4wqaeq8mkyw80\" target=\"_blank\" rel=\"noopener\">Fembed</a>&nbsp;|&nbsp;<a href=\"https://filemoon.sx/d/6lx0kysfeid0/_Toonhub4u__My_Dress-Up_Darling_Season_1_Episode_10__40_Hindi___Eng___Jap_41__1080p_FHD__Officially_Dub_.mp4\" target=\"_blank\" rel=\"noopener\">Filemoon</a>&nbsp;|&nbsp;<a href=\"https://new.gdtot.cfd/file/192882619\" target=\"_blank\" rel=\"noopener\">GDriveFHD</a>&nbsp;|&nbsp;<a href=\"https://new.gdtot.cfd/file/141503092\" target=\"_blank\" rel=\"noopener\">GDriveHD</a>&nbsp;</strong></p>\n<hr>\n<p><strong>Episode 11 – I Am Currently at a Love Hotel&nbsp;</strong></p>\n<p><strong><a href=\"https://dood.wf/d/nh42otrb3c7kj29jpalcbc1acgdjplqp\" target=\"_blank\" rel=\"noopener\">DoodStream</a>&nbsp;|&nbsp;<a href=\"https://sbchill.com/785biz123phu.html\" target=\"_blank\" rel=\"noopener\">WatchSB</a>&nbsp;|&nbsp;<a href=\"https://vanfem.com/f/8yq4yt8dx3x68y8\" target=\"_blank\" rel=\"noopener\">Fembed</a>&nbsp;|&nbsp;<a href=\"https://filemoon.sx/d/c9yhxvnkflld/_Toonhub4u__My_Dress-Up_Darling_Season_1_Episode_11__40_Hindi___Eng___Jap_41__1080p_FHD__Officially_Dub_.mp4\" target=\"_blank\" rel=\"noopener\">Filemoon</a>&nbsp;|&nbsp;<a href=\"https://new.gdtot.cfd/file/203284756\" target=\"_blank\" rel=\"noopener\">GDriveFHD</a>&nbsp;|&nbsp;<a href=\"https://new.gdtot.cfd/file/149532156\" target=\"_blank\" rel=\"noopener\">GDriveHD</a>&nbsp;</strong></p>\n<hr>\n<p><strong>Episode 12 – My Dress-Up Darling&nbsp; <span style=\"color: #008000;\">{NEW}</span></strong></p>\n<p><strong><a href=\"https://dood.wf/d/v3ar5wmyfg3wb6w55f8iuxep0txu6o5k\" target=\"_blank\" rel=\"noopener\">DoodStream</a>&nbsp;|&nbsp;<a href=\"https://sbchill.com/dfozbl529dxl.html\" target=\"_blank\" rel=\"noopener\">WatchSB</a>&nbsp;|&nbsp;<a href=\"https://ez4short.com/full?api=20434c7859686ac1047f5442e53f7ae16d266685&amp;url=aHR0cHM6Ly92YW5mZW0uY29tL2YvOHlxNHl0OGR4M3g2OHk4&amp;type=2\" target=\"_blank\" rel=\"noopener\">Fembed</a>&nbsp;|&nbsp;<a href=\"https://filemoon.sx/d/xv7vna7y9lr9/_Toonhub4u__My_Dress-Up_Darling_Season_1_Episode_12__40_Hindi___Eng___Jap_41__1080p_FHD__Officially_Dub_.mp4\" target=\"_blank\" rel=\"noopener\">Filemoon</a>&nbsp;|&nbsp;<a href=\"https://new.gdtot.cfd/file/249706016\" target=\"_blank\" rel=\"noopener\">GDriveFHD</a>&nbsp;|&nbsp;<a href=\"https://new.gdtot.cfd/file/172655546\" target=\"_blank\" rel=\"noopener\">GDriveHD</a>&nbsp;</strong></p>\n<hr>\n<h3 style=\"text-align: center;\"><a href=\"https://toonhub4u.com/my-dress-up-darling-season-1-all-episodes-in-hindi/\" target=\"_blank\" rel=\"noopener\">My Dress-Up Darling Season 1 All Episodes In Hindi Dubbed [Fan Dubbed] (SEAESON 1 COMPLATED ADDED)</a></h3>\n<p><img loading=\"lazy\" decoding=\"async\" class=\"aligncenter\" src=\"https://i.imgur.com/4I3vP6n.jpg\" alt=\"My Dress-Up Darling Season 1 All Episodes In Hindi Dubbed [Fan Dubbed]\" width=\"388\" height=\"194\"></p>\n<p style=\"text-align: center;\"><a class=\"fasc-button fasc-size-large fasc-type-popout fasc-rounded-medium fasc-ico-before dashicons-arrow-right-alt2 fasc-style-bold\" style=\"background-color: #ff0026; color: #ffffff;\" target=\"_blank\" rel=\"noopener\" href=\"https://toonhub4u.com/my-dress-up-darling-season-1-all-episodes-in-hindi/\">&nbsp;Watch/Download Fan Dubbed</a></p>\n<p style=\"text-align: center;\"><span style=\"color: #ff0000;\"><strong>Please Do Support Crunchyroll if Possible, They Will Bring More Animes in Hindi Dub.</strong></span></p>\n<h3 style=\"text-align: center;\"><strong><span id=\"Support_Crunchyroll_-_Only_79_Per_Month_14_Day_Free_Trial\" class=\"ez-toc-section\"></span><a href=\"https://ez4short.com/full?api=20434c7859686ac1047f5442e53f7ae16d266685&amp;url=aHR0cHM6Ly93d3cuY3J1bmNoeXJvbGwuY29tL3Jhbmtpbmctb2Yta2luZ3MvZXBpc29kZS0xLXRoZS1wcmluY2VzLW5ldy1jbG90aGVzLTg1NDA2NA==&amp;type=2\" target=\"_blank\" rel=\"noopener\">Support Crunchyroll – Only 79 Per Month (14 Day Free Trial)</a></strong></h3>\n<p style=\"text-align: center;\"><span style=\"color: #008000;\"><strong>Crunchyroll has more dubs on the way, including two acclaimed series that will be dubbed in Hindi. Ranking of Kings and My Dress-Up Darling will both be getting Hindi dubs, with more to come.</strong></span></p>\n<p style=\"text-align: center;\"><span style=\"color: #ff0000;\"><strong>This comes along with the news of a price reduction in India, which is one of nearly 100 regions across international Crunchyroll territories to get access to more content at a smaller price.</strong></span></p>\n<p style=\"text-align: center;\"><span style=\"color: #008000;\"><strong>Crunchyroll President Rahul Purini had the following to say on the latest additions for fans in India:&nbsp;“There is a massive appetite for anime in India with a growing number of fans who are craving more of what they love. Our team has worked hard to expand our service – including more content and more dubs, at a more affordable price.”</strong></span></p>\n<h4 style=\"text-align: center;\">HOW TO DOWNLOAD MOVIES AND SERIES FROM HERE?&nbsp;<a href=\"https://toonhub4u.com/how-to-downolad-cartoon-movie-and-sries-toonhub4u/\" target=\"_blank\" rel=\"noopener\">CLICK HERE</a></h4>\n",
    "protected": false
  },
  "excerpt": {
    "rendered": "<p>||My Dress-Up Darling|| [1080p | 720p |&nbsp; 480p | Hindi – Eng – Jap | Officially Dubbed] Name: My Dress-Up Darling Season 1 Rating: 8.3/10 Gener: Romantic | comedy | Slice of life | Romance Release Date: January 9, 2022&nbsp; Running&nbsp;Time: 23 min per Epi Language: Hindi – English – Japanese&nbsp; Subtitle:&nbsp;English Dubbed By:&nbsp;Crunchyroll&nbsp;[Offical&nbsp;Dubbed] Quality:&nbsp;1080p &hellip;</p>\n",
    "protected": false
  },
  "author": 2,
  "featured_media": 12502,
  "comment_status": "open",
  "ping_status": "open",
  "sticky": false,
  "template": "",
  "format": "standard",
  "meta": {
    "footnotes": ""
  },
  "categories": [
    40,
    43,
    45,
    5,
    7,
    50,
    32
  ],
  "tags": [
    83,
    125,
    139,
    162,
    14523,
    21966,
    21967,
    346,
    475,
    21929,
    489,
    21930,
    495,
    21931,
    21932,
    21933,
    21934,
    21935,
    3188,
    21936,
    21937,
    21938,
    21939,
    21983,
    21968,
    21974,
    21970,
    21984,
    21976,
    4261,
    4837,
    5355,
    5473,
    5480,
    21940,
    5884,
    21941,
    21942,
    21943,
    6438,
    21982,
    21978,
    21969,
    21973,
    21981,
    21975,
    7822,
    21986,
    7823,
    21988,
    21992,
    21991,
    21989,
    21990,
    21987,
    7844,
    7847,
    21972,
    21971,
    21977,
    21979,
    7851,
    22003,
    21999,
    22000,
    22001,
    22002,
    21998,
    21994,
    21996,
    21995,
    21997,
    21993,
    21980,
    21985,
    21944,
    21945,
    21946,
    21947,
    21948,
    21949,
    21950,
    7856,
    21951,
    21952,
    21953,
    21954,
    21955,
    21956,
    21957,
    10429,
    21958,
    10569,
    10571,
    21959,
    21960,
    21961,
    21962,
    21963,
    21964,
    12906,
    12908,
    12909,
    12910,
    15676,
    15120,
    15675,
    13265,
    13267,
    13268,
    21965,
    13724
  ],
  "class_list": [
    "post-12493",
    "post",
    "type-post",
    "status-publish",
    "format-standard",
    "has-post-thumbnail",
    "hentry",
    "category-1080p",
    "category-480p",
    "category-720p",
    "category-anime",
    "category-anime-series",
    "category-comedy",
    "category-romance",
    "tag-1080p",
    "tag-125",
    "tag-480p",
    "tag-720p",
    "tag-14523",
    "tag-21966",
    "tag-21967",
    "tag-all-episodes",
    "tag-anime",
    "tag-anime-hindi-dub-series",
    "tag-anime-hindi-dubbed",
    "tag-anime-hindi-dubbed-tv-series",
    "tag-anime-in-hindi",
    "tag-anime-original-series",
    "tag-anime-series-hindi-dubbed-free-download",
    "tag-anime-series-in-hindi",
    "tag-anime-tv-series-dual-audio-480p",
    "tag-comedy-anime",
    "tag-complete-series",
    "tag-crunchyroll-anime-in-hindi",
    "tag-download-my-dress-up-darling-season-1-dual-audio",
    "tag-download-sono-bisque-doll-wa-koi-wo-suru-2022",
    "tag-download-sono-bisque-doll-wa-koi-wo-suru-2022-season-1-all-episodes-dual-audio-hindi-japanese",
    "tag-dress-me-up-darling-manga",
    "tag-dress-up-darling",
    "tag-dress-up-darling-anime",
    "tag-dress-up-darling-manga",
    "tag-dress-up-doll-manga",
    "tag-dress-up-my-darling",
    "tag-dual-audio",
    "tag-free-download",
    "tag-hd",
    "tag-hindi",
    "tag-hindi-dubbed",
    "tag-hindi-dubbed-anime-series",
    "tag-in-hindi",
    "tag-index-of-my-dress-up-darling-s1",
    "tag-index-of-sono-bisque-doll-wa-koi-wo-suru-s01-hindi",
    "tag-index-of-sono-bisque-doll-wa-koi-wo-suru-season-1-in-hindi",
    "tag-katmoviehd",
    "tag-manga-dress-up-darling",
    "tag-manga-my-dress-up-darling",
    "tag-marin-kitagawa-cosplay",
    "tag-marin-my-dress-up-darling",
    "tag-my-cosplay-darling",
    "tag-my-darling-dress-up",
    "tag-my-dress-up-darling",
    "tag-my-dress-up-darling-62",
    "tag-my-dress-up-darling-anime",
    "tag-my-dress-up-darling-download",
    "tag-my-dress-up-darling-episodes-download",
    "tag-my-dress-up-darling-episodes-hindi-download",
    "tag-my-dress-up-darling-episodes-in-hindi",
    "tag-my-dress-up-darling-episodes-in-hindi-download",
    "tag-my-dress-up-darling-hindi-download",
    "tag-my-dress-up-darling-japanese-name",
    "tag-my-dress-up-darling-manga",
    "tag-my-dress-up-darling-manga-online",
    "tag-my-dress-up-darling-marin",
    "tag-my-dress-up-darling-online",
    "tag-my-dress-up-darling-review",
    "tag-my-dress-up-darling-season-1",
    "tag-my-dress-up-darling-season-1-crunchyroll",
    "tag-my-dress-up-darling-season-1-crunchyroll-dub",
    "tag-my-dress-up-darling-season-1-crunchyroll-dubbed",
    "tag-my-dress-up-darling-season-1-crunchyroll-dubbed-download",
    "tag-my-dress-up-darling-season-1-crunchyroll-in-hindi",
    "tag-my-dress-up-darling-season-1-download-free",
    "tag-my-dress-up-darling-season-1-episodes",
    "tag-my-dress-up-darling-season-1-episodes-download",
    "tag-my-dress-up-darling-season-1-episodes-in-hindi",
    "tag-my-dress-up-darling-season-1-free-download",
    "tag-my-dress-up-darling-season-1-hindi-download",
    "tag-my-dress-up-doll",
    "tag-my-dress-up-doll-manga",
    "tag-my-dress-up-darling-tv-series",
    "tag-my-dress-up-darling-2022-hindi-dubbed",
    "tag-my-dress-up-darling-all-episodes-in-hindi",
    "tag-my-dress-up-darling-anime-in-hindi-dubbed",
    "tag-my-dress-up-darling-episode-8",
    "tag-my-dress-up-darling-full-episodes",
    "tag-my-dress-up-darling-hindi-dubbed",
    "tag-my-dress-up-darling-in-hindi",
    "tag-my-dress-up-darling-s01",
    "tag-my-dress-up-darling-s01-google-drivie",
    "tag-my-dress-up-darling-season-1-complete",
    "tag-my-dress-up-darling-season-1-download",
    "tag-my-dress-up-darling-season-1-hindi-dual-audio",
    "tag-my-dress-up-darling-season-1-in-hindi",
    "tag-my-dress-up-darling-2022",
    "tag-romance",
    "tag-romantic-anime",
    "tag-season-1",
    "tag-season-1-in-hindi",
    "tag-slice-of-life",
    "tag-slice-of-life-anime",
    "tag-sono-bisque-doll-wa-koi-wo-suru",
    "tag-sono-bisque-doll-wa-koi-wo-suru-2022-anime-series",
    "tag-sono-bisque-doll-wa-koi-wo-suru-anime-series-in-hindi",
    "tag-sono-bisque-doll-wa-koi-wo-suru-full-movie-in-hindi-dubbed",
    "tag-toonhub",
    "tag-toonhub4",
    "tag-toonhub4u",
    "tag-toonhub4u-com",
    "tag-toonhubu",
    "tag-toonshub4u",
    "tag-toonshub4u-com",
    "tag-tv-series",
    "tag-tv-show",
    "tag-tv-shows",
    "tag-watch-my-dress-up-darling-season-1-online",
    "tag-web-dl"
  ],
  "_links": {
    "self": [
      {
        "href": "https://toonhub4u.net/wp-json/wp/v2/posts/12493"
      }
    ],
    "collection": [
      {
        "href": "https://toonhub4u.net/wp-json/wp/v2/posts"
      }
    ],
    "about": [
      {
        "href": "https://toonhub4u.net/wp-json/wp/v2/types/post"
      }
    ],
    "author": [
      {
        "embeddable": true,
        "href": "https://toonhub4u.net/wp-json/wp/v2/users/2"
      }
    ],
    "replies": [
      {
        "embeddable": true,
        "href": "https://toonhub4u.net/wp-json/wp/v2/comments?post=12493"
      }
    ],
    "version-history": [
      {
        "count": 0,
        "href": "https://toonhub4u.net/wp-json/wp/v2/posts/12493/revisions"
      }
    ],
    "wp:featuredmedia": [
      {
        "embeddable": true,
        "href": "https://toonhub4u.net/wp-json/wp/v2/media/12502"
      }
    ],
    "wp:attachment": [
      {
        "href": "https://toonhub4u.net/wp-json/wp/v2/media?parent=12493"
      }
    ],
    "wp:term": [
      {
        "taxonomy": "category",
        "embeddable": true,
        "href": "https://toonhub4u.net/wp-json/wp/v2/categories?post=12493"
      },
      {
        "taxonomy": "post_tag",
        "embeddable": true,
        "href": "https://toonhub4u.net/wp-json/wp/v2/tags?post=12493"
      }
    ],
    "curies": [
      {
        "name": "wp",
        "href": "https://api.w.org/{rel}",
        "templated": true
      }
    ]
  }
}
