{
  "id": 13940,
  "date": "2024-04-03T14:10:09",
  "date_gmt": "2024-04-03T08:40:09",
  "guid": {
    "rendered": "https://toonhub4u.com/?p=13940"
  },
  "modified": "2024-04-03T14:38:35",
  "modified_gmt": "2024-04-03T09:08:35",
  "slug": "one-piece-film-red-full-movie-in-hindi-dubbed",
  "status": "publish",
  "type": "post",
  "link": "https://toonhub4u.net/one-piece-film-red-full-movie-in-hindi-dubbed/",
  "title": {
    "rendered": "One Piece Film: Red Full Movie in Hindi [Officially Dubbed] Download 480p ,720p &#038; 1080p"
  },
  "content": {
    "rendered": "<h2 style=\"text-align: center;\"><span style=\"color: #ff0000;\"><strong>||One Piece </strong>Film: <strong>Red||</strong></span></h2>\n<p style=\"text-align: center;\"><strong>[1080p | 720p | 480p | Hindi Dubbed | Officially]</strong></p>\n<p><img loading=\"lazy\" decoding=\"async\" class=\"aligncenter\" src=\"https://i.imgur.com/i9pfAWn.jpg\" width=\"269\" height=\"359\" /></p>\n<p><strong><span style=\"color: #ff0000;\">Name:</span> One Piece Film: Red<br />\n<span style=\"color: #ff0000;\">Rating:</span> <span class=\"gsrt KMdzJ\" aria-hidden=\"true\">7.3/10</span></strong><br />\n<strong><span style=\"color: #ff0000;\">Gener:</span>  Animation | Action | Adventure | Fantasy</strong><br />\n<strong><span style=\"color: #ff0000;\">Release Date:</span> <span class=\"w8qArf\"> </span><span class=\"LrzXr kno-fv wHYlTd z8gr9e\">29 September 2022</span><br />\n<span style=\"color: #ff0000;\">Running Time:</span> 1 hour 55 min</strong><br />\n<strong><span style=\"color: #ff0000;\">Language:</span> Hindi [Official Dubbed]</strong><br />\n<strong><span style=\"color: #ff0000;\">Subtitle:</span> Japanese</strong><br />\n<strong><span style=\"color: #ff0000;\">Quality:</span> 1080p | 720p HD | 480p HQ<br />\n<span style=\"color: #ff0000;\">Up Credit:</span> Toonhub4u</strong></p>\n<p><strong><span style=\"color: #ff0000;\">Synopsis:</span> Uta is a beloved singer, renowned for concealing her own identity when performing. Her voice is described as “otherworldly.” Now, for the first time ever, Uta will reveal herself to the world at a live concert.</strong></p>\n<p><img decoding=\"async\" class=\"aligncenter\" src=\"https://i.imgur.com/obtrdWH.jpg\" /></p>\n<h5 style=\"text-align: center;\">||One Piece Film: Red (2022) Full Movie Watch/Download Links||</h5>\n<h4 style=\"text-align: center;\"><span id=\"WatchOnline\" class=\"ez-toc-section\"></span><span id=\"WatchOnline\" class=\"ez-toc-section\"></span><span id=\"WatchOnline\" class=\"ez-toc-section\"></span><span id=\"WatchOnline\" class=\"ez-toc-section\"></span><span id=\"WatchOnline\" class=\"ez-toc-section\"></span><span id=\"WatchOnline\" class=\"ez-toc-section\"></span><span id=\"WatchOnline\" class=\"ez-toc-section\"></span><span id=\"WatchOnline\" class=\"ez-toc-section\"></span><span id=\"WatchOnline\" class=\"ez-toc-section\"></span><span id=\"WatchOnline\" class=\"ez-toc-section\"></span><span id=\"WatchOnline\" class=\"ez-toc-section\"></span><a href=\"https://toonstream.net/movies/one-piece-film-red/\" target=\"_blank\" rel=\"noopener\">WatchOnline</a></h4>\n<div class=\"mks_toggle mks_toggle_active\">\n<div class=\"mks_toggle_heading\">⇒ <strong>480p SD</strong><i class=\"fa fa-minus\"></i></div>\n<div class=\"mks_toggle_content\"><strong><a href=\"https://gdmirrorbot.nl/file/bals822\" target=\"_blank\" rel=\"noopener\">MultiD | Filemoon | FileBee | Mega | GDrive [Tot]</a>  [361 MB]</strong></div>\n</div>\n<div class=\"mks_toggle mks_toggle_active\">\n<div class=\"mks_toggle_heading\">⇒ <strong>720p HD AAC 2.0</strong><i class=\"fa fa-minus\"></i></div>\n<div class=\"mks_toggle_content\"><strong><a href=\"https://gdmirrorbot.nl/file/n7k3llb\" target=\"_blank\" rel=\"noopener\">MultiD | Filemoon | FileBee | Mega | GDrive [Tot]</a>  [926 GB]</strong></div>\n</div>\n<div class=\"mks_toggle mks_toggle_active\">\n<div class=\"mks_toggle_heading\">⇒ <strong>1080p FHD x264</strong><i class=\"fa fa-minus\"></i></div>\n<div class=\"mks_toggle_content\"><strong><a href=\"https://gdmirrorbot.nl/file/yd619gq\" target=\"_blank\" rel=\"noopener\">MultiD | Filemoon | FileBee | Mega | GDrive [Tot]</a>  [2.10 GB]</strong></div>\n</div>\n<h4 style=\"text-align: center;\"><span style=\"color: #ff00ff;\">All Anime Movies DL</span></h4>\n<p style=\"text-align: center;\"><a href=\"https://toonhub4u.net/category/anime/anime-movies/\" target=\"_blank\" rel=\"noopener\"><strong>Watch/Download Links</strong></a></p>\n<h4 style=\"text-align: center;\">HOW TO DOWNLOAD MOVIES AND SERIES FROM HERE? <a href=\"https://toonhub4u.com/how-to-downolad-cartoon-movie-and-sries-toonhub4u/\" target=\"_blank\" rel=\"noopener\">CLICK HERE</a></h4>\n",
    "protected": false
  },
  "excerpt": {
    "rendered": "<p>||One Piece Film: Red|| [1080p | 720p | 480p | Hindi Dubbed | Officially] Name: One Piece Film: Red Rating: 7.3/10 Gener:  Animation | Action | Adventure | Fantasy Release Date:  29 September 2022 Running Time: 1 hour 55 min Language: Hindi [Official Dubbed] Subtitle: Japanese Quality: 1080p | 720p HD | 480p HQ Up Credit: Toonhub4u Synopsis: Uta is a &hellip;</p>\n",
    "protected": false
  },
  "author": 2,
  "featured_media": 13943,
  "comment_status": "open",
  "ping_status": "open",
  "sticky": false,
  "template": "",
  "format": "standard",
  "meta": {
    "footnotes": ""
  },
  "categories": [
    42,
    43,
    45,
    46,
    47,
    5,
    6,
    51
  ],
  "tags": [
    29202,
    29200,
    29201,
    3408,
    29107,
    29108,
    29110,
    29109,
    3410,
    29111,
    29112,
    3415,
    29307,
    29312,
    29317,
    29318,
    29315,
    29316,
    29319,
    29313,
    29309,
    29308,
    29314,
    29310,
    29320,
    29311,
    29322,
    29327,
    29321,
    29323,
    29324,
    29325,
    29326,
    29106,
    10126,
    29101,
    29103,
    29102,
    10131,
    10134,
    29105,
    29104,
    12906,
    12908,
    12909,
    12910,
    15676,
    12922,
    15120,
    15675,
    12928,
    12934,
    29113,
    29114,
    29115,
    29116,
    13271,
    29117,
    29118
  ],
  "class_list": [
    "post-13940",
    "post",
    "type-post",
    "status-publish",
    "format-standard",
    "has-post-thumbnail",
    "hentry",
    "category-360p",
    "category-480p",
    "category-720p",
    "category-action",
    "category-advanture",
    "category-anime",
    "category-anime-movies",
    "category-drama-gener",
    "tag-atoz-cartoonist",
    "tag-atozcartoonist",
    "tag-atozcartoonist-com",
    "tag-dead-toons-india",
    "tag-deadtoons",
    "tag-deadtoons-com",
    "tag-deadtoons-me",
    "tag-deadtoons-net",
    "tag-deadtoonsindia",
    "tag-deadtoonsindia-com",
    "tag-deadtoonsindia-me",
    "tag-deadtoonsindia-net",
    "tag-one-piece-film-red",
    "tag-one-piece-film-red-download",
    "tag-one-piece-film-red-download-1080p",
    "tag-one-piece-film-red-download-360p",
    "tag-one-piece-film-red-download-480p",
    "tag-one-piece-film-red-download-720p",
    "tag-one-piece-film-red-download-hd",
    "tag-one-piece-film-red-downlosd-in-hindi",
    "tag-one-piece-film-red-hindi-dubbed",
    "tag-one-piece-film-red-in-hindi",
    "tag-one-piece-film-red-in-hindi-download",
    "tag-one-piece-film-red-movie",
    "tag-one-piece-film-red-movie-hindi-dubbed",
    "tag-one-piece-film-red-movie-in-hindi",
    "tag-one-piece-film-red-full-movie-download",
    "tag-one-piece-film-red-japanese-dubbed-download",
    "tag-one-piece-film-red-movie-download",
    "tag-one-piece-film-red-watch-online",
    "tag-one-piece-film-red-watch-online-download",
    "tag-one-piece-movie-red-download-in-english",
    "tag-one-piece-red-english-dubbed-download",
    "tag-rare-toons",
    "tag-rare-toons-india",
    "tag-raretoons",
    "tag-raretoons-com",
    "tag-raretoons-net",
    "tag-raretoonsindia",
    "tag-raretoonsindia-com",
    "tag-raretoonsindia-me",
    "tag-raretoonsindia-net",
    "tag-toonhub",
    "tag-toonhub4",
    "tag-toonhub4u",
    "tag-toonhub4u-com",
    "tag-toonhubu",
    "tag-toonshub",
    "tag-toonshub4u",
    "tag-toonshub4u-com",
    "tag-toonworld4all",
    "tag-toonworld4all-me",
    "tag-tv-tonns",
    "tag-tvtoons",
    "tag-tvtoons-com",
    "tag-tvtoons-net",
    "tag-tvtoonsindia",
    "tag-tvtoonsindia-com",
    "tag-tvtoonsindia-net"
  ],
  "_links": {
    "self": [
      {
        "href": "https://toonhub4u.net/wp-json/wp/v2/posts/13940"
      }
    ],
    "collection": [
      {
        "href": "https://toonhub4u.net/wp-json/wp/v2/posts"
      }
    ],
    "about": [
      {
        "href": "https://toonhub4u.net/wp-json/wp/v2/types/post"
      }
    ],
    "author": [
      {
        "embeddable": true,
        "href": "https://toonhub4u.net/wp-json/wp/v2/users/2"
      }
    ],
    "replies": [
      {
        "embeddable": true,
        "href": "https://toonhub4u.net/wp-json/wp/v2/comments?post=13940"
      }
    ],
    "version-history": [
      {
        "count": 0,
        "href": "https://toonhub4u.net/wp-json/wp/v2/posts/13940/revisions"
      }
    ],
    "wp:featuredmedia": [
      {
        "embeddable": true,
        "href": "https://toonhub4u.net/wp-json/wp/v2/media/13943"
      }
    ],
    "wp:attachment": [
      {
        "href": "https://toonhub4u.net/wp-json/wp/v2/media?parent=13940"
      }
    ],
    "wp:term": [
      {
        "taxonomy": "category",
        "embeddable": true,
        "href": "https://toonhub4u.net/wp-json/wp/v2/categories?post=13940"
      },
      {
        "taxonomy": "post_tag",
        "embeddable": true,
        "href": "https://toonhub4u.net/wp-json/wp/v2/tags?post=13940"
      }
    ],
    "curies": [
      {
        "name": "wp",
        "href": "https://api.w.org/{rel}",
        "templated": true
      }
    ]
  }
}
